{"Action": 5.990397923875432, "Adventure": 6.156691919191919, "Animation": 6.341452991452992, "Comedy": 5.945676146256528, "Crime": 6.273888091822094, "Documentary": 6.238181818181818, "Drama": 6.388565217391305, "Family": 6.029766536964981, "Fantasy": 6.0988235294117645, "Foreign": 6.352941176470588, "History": 6.71979695431472, "Horror": 5.628653846153846, "Music": 6.355675675675675, "Mystery": 6.183908045977011, "Romance": 6.207486033519554, "Science Fiction": 6.007063197026022, "TV Movie": 5.6625000000000005, "Thriller": 6.0109803921568625, "War": 6.713888888888889, "Western": 6.1780487804878055}